source,target,msg
#g4g_revenant,joelvalladolid,la isla andorrana renta mas q la petro xdd
#g4g_revenant,elchukyv2,haced /who por si hay alguien andorrano
#srserpiente,javierrodriguezdiaz,AL FINAL el team andorrano no se va hacer una casa en la isla porque no hay loot
#duendepablo,tincholor,te vas a andorra?
#staryuuki,yungkronoz,Que te vas a mandar a Andorra?
#baptistao,chooseyjoker14,como se nota q ya vives en andorra... gastarse en lentillas 500 euros
#staryuuki,yungkronoz,Que te vas a mudar a andorra?
#alexby11,adrianmartinezargibay,Huy en Andorra las discusiones XDXD
#g4g_revenant,alesan93,la hipoteca de andorra? LUL
#alexby11,agenteyowel,Literalmente, discusiones de Andorra alexbyJaja alexbyJaja alexbyJaja
#alexby11,willow_tm,Cancelamos Andorra chat, repito, SE CANCELA ANDORRA xdxd
#alexby11,jm20021,Aro vetada de la casa andorrana alexbyAy
#srserpiente,dimoniet_,siempre podeis secuestrar a un andorrano y pedir rescate.. Kappa
#wallstreetwolverine,rocofr4,en andorra hay trabajo de ingeniero? @WallStreetWolverine
#wallstreetwolverine,godjunglemain,ahora que reven va a combatir con elmillor y elm esta buscando entrenador en andorra podrias ponerlo en vereda
#nissaxter,malkuan,porque abandonaste Per칰 y te fuiste a Andorra Nissa?
#alexby11,aleeporotos,bueno, adios andorra, otro a침o en madrid.
#nissaxter,manuso46xd,Ta vas a ir a vivir a andorra?
#nissaxter,edgarqs200602,te ir치s a Andorra?
#alexby11,annzully,No van a durar en Andorra xdd
#nissaxter,joryago,te ir치s a andorra o te quedas en per칰?
#nissaxter,malkuan,porque dejaste Per칰 para irte a Andorra?
#alexby11,zulkyry,Primera pelea en Andorra:
#alexby11,alanahvp,ya los veo en andorra jajaja xdd
#alexby11,caritocat20,no van a durar en andorra
#alexby11,samagelvis,la primera comida en andorra be like:
#mangel,alpuli02,give me your Andorra
#alexby11,caritocat20,adi칩s andorra alexbyStonksdown
#alexby11,sergiorenc,va a ser maravilloso verlos convivir en andorra
#silithur,paunr5,andorrano
#aroyitt,crisvk99,Necesito ver un video vuestro cocinando en andorra plisss
#srserpiente,kelegemplay,kill al andorrano!!
#silithur,aurlad,rich y farfa estan a punto de dejar las malvinas porque estan peleando 4 vs 2 con andorra
#aroyitt,el_asdepicas,como van a comer en andorra jajajaja
#aroyitt,carlosvillan,@aroyitt entonces en andorra no se cocinara tortillas con patstas
#aroyitt,diezaino,El primer video de cocina de Andorra que sea Tortilla
#wallstreetwolverine,martinvilsonov,viva andorra
#wallstreetwolverine,martinvilsonov,andorraaaa
#wallstreetwolverine,juankagame19,viva Andorra 游뷣릖뾇릖뷣릖뾇릖뷣릖
#elxokas,natypony17,EN ANDORRA SI SE PARAN
#saxogamingtv,alejandrlucena,Cuando te vas andorra? jajajajajaja
#srcheeto,santiagob29,@vicentinextri de Andorra
#mangel,iamstromile,Andorra Simulator
#wallstreetwolverine,khostaxz,Como ingeniero inform치tico me estoy planteando irme a Andorra, que me recomiendas?
#reventxz,theludway,De ESPA칌A no de Andorra bien dicho Reven
#thegrefg,ixmakun,@jesus_gonzaaleez no hay aeropuerto en andorra LUL
#reventxz,venydiviertete,Espa침a vs Andorra
#g4g_revenant,tomixf10,Lleva a gente de andorra
#tvander,ch0rlie,Esta en andorra va hinchado
#reventxz,peperojugueton,Yo si me pagais la gasofa me subo a andorra en un momento y le parto la espalda a elmillor
#reventxz,2raul0,Como va a ser Rubius si se va a Andorra, bobo
#baptistao,miinchon_,a Andorra me voy a ir a vivir
#srserpiente,hipolito91,cuando te vayas a Andorra ya regalas 2 xD
#reventxz,paulsm73,cuidado que baja de andorra y te pega
#mangel,by_richardazo,jajajaj andorra
#mangel,erickman88,Andorra LUL
#mangel,neoultra,viva Andorra
#mangel,chuski_poyon,andorra la bella
#mangel,karlis_johnnyftpan,jajaja andorra
#knekro,volundarhus,Los doritos andorranos
#illojuan,carlo_skull,@kereimovida te pertenece por derecho el 40% de andorra
#baptistao,maanuchoo,Escucha bro!! La casa de Andorra que me mandaste ya est치 alquilada! Vas a tener que buscar otra para irte a tributar all칤
#srserpiente,vaeltito10,hazlo facil, mudate a andorra y listo
#elxokas,makegamerlol,@elxokas me parti la polla con el v칤deo de ibai que habla de andorra que pone tus clips de tu madre es una cerda xDDD
#wallstreetwolverine,khostaxz,me quiero ir a Andorra, soy ingeniero inform치tico freelance y el IRPF en Espa침a es una estafa
#mangel,josesitojodex2,grazia andorra
#mangel,iamstromile,Andorra no existe, es un estado mental
#thegrefg,denix32_,@anita98 Andorra hasta Asturias son bastantes horas
#illojuan,gatosexoxdd,o en andorra
#mangel,dosher_black,mucho apollo y mucho amor desde las islas canarias @Mangel.por cierto noce pq la gente seva a andorra si viniendo a cnarias les sale mejor
#duendepablo,vtxdj,nos vamos a andorra como el rubius duende?
#illojuan,carlo_skull,Se est치n pirando a andorra Sadge
#mangel,deisuki_carlos_san,te vas a Andorra?
#elxokas,lamc1704,andorra esta en la isla de la derecha
#duendepablo,nach0lg,Duende que opinas del drama que se armo por que rubius se iba a andorra? Yo totalmente a favor de que lo haga pero hay gente para todo
#illojuan,gatosexoxdd,san pirado a Andorra
#mangel,imivanh,Andorra es un invento de los rusos Kappa
#elxokas,gamakahs,Lolito esta en andorra no?
#alexby11,miaompaloompa,@belenciya ya dijo que lo iba a poner escuchar regetton en andorra, asi que lo tiene que llevar asi se acostumbra, ah
#wallstreetwolverine,carlos120396,te estoy viendo mientras termino mi sesiones de poker, en un a침ito estoy por ahi en andorra jajaja
#esvandal,settcomunista,Llegan los impuestos, corred a andorra (?
#jesskiu,gamrock,eso si, de aqui a andorra...
#jesskiu,pickachula,only y pa andorra xat
#silithur,agustinmarcus,esa isla la pele칩 farfa y dicho contra Andorra
#wallstreetwolverine,darkunicornland,Los "Jovenes de Izquierda Unida" han puesto un tuit, insultando a los youtubers que estais aqui en andorra, y de paso insultado a todo el pais Andorrano
#wallstreetwolverine,eslender490,la soluci칩n es irse a Andorra
#silithur,alfred_catman,Destri no se hab칤a unido a Andorra para atacar a Rich y Farfa en la isla?
#alexby11,karc71,Ella te cancela despues de andorra ten cuidadooooooo
#wallstreetwolverine,diegoalmax,@darkunicornland hay que trabajar duru, es mi objetivo al acabar mi carrera ir a buscar trabajo de banquero o m칤nimo asistente de alg칰n banquero en Andorra
#illojuan,rescoldillo,ma침ana jug치is en Andorra?
#mangel,fonchi616,que viva andorra
#mangel,andresrojs,en Andorra tiembla?
#alexby11,tefon12,Tsunami en Andorra
#mangel,iamstromile,Te vas a Andorra y reapareces en un hospital espa침ol. La hipocres칤a
#elxokas,makegamerlol,@elxokas viste el v칤deo de ibai opinando del tema andorra? puso pila veces el clip tuyo de levantando carreteras vaya despolle xDDDD
#alexby11,rafahr22,terremoto en andorra xd
#mangel,iamstromile,Has reaparecido en un hospital espa침ol despu칠s de irte a Andorra xd
#wallstreetwolverine,mrubier,Victor o칤 hace no mucho que en Andorra hay deficit de programadore, sabes algo o alguna manera que pudiera informarme?
#alexby11,isi___77,me voy a andorra gente en chile toi muy acostumbarda que tiemble
#wallstreetwolverine,seredentactics,est치is un poco obsesionados con Andorra no? no tiene sentido ir si no ganas mucho...
#thegrefg,marianobp10,no entiendo vomo pone esto si no se siente espa침ol... que ponga el himno del andorra
#alexby11,tefon12,tsunami en Andorra 游땸
#alexby11,sneidersenior,tsunami en Andorra 游땸
#alexby11,edwardsq12,Temblor en Andorra
#staryuuki,zethblade,Es raro, porque rubius dijo que nunca se ir칤a a Andorra LUL LUL LUL LUL
#staryuuki,aioria57,Uff que pesados con lo de Andorra 游땫游땫
#jelty,toony2003,jelty x stark x andorra
#jelty,san0banan0,Jelty, para ir a andorra solo necesitas el pasaporte
#igestark,fnzomber,#todospaandorra
#staryuuki,ryzeybx,ANDORRA
#staryuuki,ryzeybx,ANDORRAAA XDDDD
#staryuuki,sazq18_cat,Andorra se esta volviendo cada vez mas conocida, le acuerdo cuando estuve por all치 es un pa칤s bello en las monta침as
#staryuuki,v1ct0r_sy,Rubius se va a Andorra o se fue de ah칤?
#igestark,jty_2020,@calzot La diferencia es que la familia de Stark s칤 est치 en Andorra, xD.
#jelty,diexdgolol,vete pa andorra
#g4g_revenant,deivy42,estos son tus 칤dolos? llev치ndose a Andorra? porque el m칤o si
#elspreen,alex_100002,el gobierno de Andorra cuando elrubius no para los impuestos:
#wallstreetwolverine,khostaxz,Como ingeniero inform치tico me estoy planteando irme a Andorra, que me recomiendas?
#beniju03,jesus_mp_,Beni es de Andorra
#beniju03,polakeitorr,que opinas de andorra????
#elxokas,miguel_crespo01,vamooos a andorra
#wallstreetwolverine,pedroby7,Todo el mundo te dice que si Andorra y tal pero... t칰 har칤as da침o a una mujer??
#beniju03,another_user_more,casi andorra
#wallstreetwolverine,carsdeport,como ves el tema de coches en Andorra
#saselandiadirectos,klbo21,SASEL SI TE MUDAS A ANDORRA EL AMANTE DE MARY ALLEY SE MUDA TAMBIEN CON USTEDES?
#wallstreetwolverine,thebigiik,comoves la importacion de andorra a espa침a?
#wallstreetwolverine,llabresinho,hay universidad en andorra?
#wallstreetwolverine,pgarzon4,en andorra hay universidad?
#wallstreetwolverine,khostaxz,Me quiero ir a Andorra como ingeniero inform치tico, que recomiendas? el IRPF en Espa침a es una estafa
#wallstreetwolverine,thebigiik,BRO COMO VES LA IMPORTACION DE ANDORRA A ESPA칌A, PONEN MUCHAS PEGAS EN LA ADUANA?
#mangel,iamstromile,Muy bueno el Andorra Simulator
#wallstreetwolverine,martincarrere9720,Hola soy Martin y vengo de USA, en la universidad de FIU,tengo ganas de ir a andorra, en 10 anos , porque quiero terminar la carrera, y me gusta la area de inmobiliaria, como es la area de inmobiliaria en andorra.
#wallstreetwolverine,jairojosepc,Como est치 Andorra respecto a empresas tecnol칩gicas?
#wallstreetwolverine,mefistofeles__,Victor. 쯖칩mo es el hecho de que los vampiros de Hacienda van a ir detr치s de vosotros los youtubers que os vais a Andorra, y os va a acosar y mirar hasta debajo de las piedras a ver si os pillan y os pueden usar de castigo ejemplar?
#thedanirep,iamstromile,Dani, Andorra??????
#wallstreetwolverine,mefistofeles__,Victor. 쯖칩mo ves el hecho de que los vampiros de Hacienda van a ir detr치s de vosotros los youtubers que os vais a Andorra, y os va a acosar y mirar hasta debajo de las piedras a ver si os pillan y os pueden usar de castigo ejemplar?
#wallstreetwolverine,jairojosepc,tema empresas tecnol칩gicas en Andorra?
#wallstreetwolverine,martincarrere9720,como esta la inversion de inmobiliaria en andorra, es rentable?
#beniju03,kleisus,eres de irun y vives en Andorra?
#mangel,x_rubio_,mangel para Andorra tu tambi칠n
#beniju03,patribhr,se est치 extendiendo la broma de que vives en andorra
#beniju03,antoniiiiiiiiiiiiio,Andorra chiquito
#wallstreetwolverine,deiviiiddd,Si fueras espa침a que har칤as para parar esta fuga de youtubers a Andorra
#silithur,fercumv,Andorra conquisto las islas malvinas :(
#beniju03,danieeeeeel13,Benito se va a andorra para pagar menos impuestos, lamentable
#silithur,samplox1,quienes son los de Andorra?
#wallstreetwolverine,darkunicornland,Has visto el Diari d'Andorra?
#silithur,javiier751,Andorra est치n en la isla y alado del tanque
#wallstreetwolverine,daviidmartin00,No se te hace peque침a Andorra?
#beniju03,lebartuh,en Andorra se evaden impuestos >P)
#beniju03,dani_blaster5,tienes cara de andorrano, eso es que te ir치 bien
#beniju03,joniirosales,yo me ir칤a a andorra porq lo que vi se ve muy bonito
#beniju03,rexboom00,no.ientas beni sabemos q vives en andorra
#silithur,ikifuenla1903,a los Andorranos farfa y rich les van a ense침ar a pagar IRPF en las Malvinas pa
#srserpiente,tutangapitan,al final andorra se quedo con la isla? :(
#beniju03,juanconplata,que hay en andorra? no entiendo x que dicen tanto
#beniju03,nelli_33,#MomentoAndorra
#beniju03,alexrr_01,Piensas alg칰n d칤a irte a Andorra?
#beniju03,jesus_mp_,yo creo que ya ten칤as tiempo haciendo ese papeleo de ni침o Andorra 游
#beniju03,samuelmen017,pronto a andorra
#beniju03,pablono7u7,yo te vi en Andorra no me agas wey
#beniju03,bryanch179,no se va a Andorra este es tu 칤dolo por que el m칤o si
#mangel,x_rubio_,mangel vete para Andorra tu tambi칠n
#wallstreetwolverine,martincarrere9720,quein es mejor estonia o andorra en tema de oportunidades
#iamcristinini,burbuja__cool,Toxicidad fuera, mala vibra fuera, me llamas gordo me voy a Andorra xd
#srserpiente,clemepollos,creo que esos son de andorra
#papigavitv,qdequeso,que se vayan a andorra, jona nos levanta
#srserpiente,tutangapitan,al final andorra es casi due침a de la base?
#wallstreetwolverine,exosttv,como esta el sector tecnol칩gico en Andorra?
#wallstreetwolverine,rockzard29,como llevas el catal치n en andorra???
#berri,007hormiga,Andorra la bella
#wallstreetwolverine,jeanpierrerb17,es complicado ser abogado en Andorra habiendo estudiado en Espa침a ??
#guanyar,huggo73,lolito top 2 en andorra
#guanyar,huggo73,lolito va a 0 ping en andorra
#alexby11,if_i_only,aqu칤 podemos dejar totalmente en claro que andorra no es lo que creemos
#wallstreetwolverine,killbits1,hay un clip de Ibai insultando a los Andorranos
#guanyar,ps_sheriff,RUBIUS TOP 1 EN REGUION DE ANDORRA
#wallstreetwolverine,sheroi11,Ibai no insult a los andorranos es out of context
#wallstreetwolverine,agusottaviano,cual es la epoca con menos trabajo en andorra
#wallstreetwolverine,pabloalonso333,Por que no te mudaste a eeuu en vez de andorra?
#wallstreetwolverine,juan53753,Podr칤as hablar sobre el tema de las armas en andorra
#smittyw,notzgh,si se van pa andorra
#smittyw,keeeik,se van a ir a vivir juntos a andorra
#elxokas,miguelrc94,El mapa es andorra ?
#wallstreetwolverine,benderioco,Si quiero ir a Andorra, c칩mo llevo el dinero, en sacos?
#silithur,itz_tiz1,que pas칩 con la isla esa del norte y Andorra? @silithur
#wallstreetwolverine,martincarrere9720,estoy en USA me conviene ir a andorra o quedarme aca
#wallstreetwolverine,juan53753,Podr칤as hablar del tema de las armas en andorra
#mangel,arturorr03,modo andorrano activado
#silithur,itz_tiz1,sili que paso con andorra
#g4g_revenant,liadain19,en Andorra mel칩n xD
#g4g_revenant,enlightedhd,EN ANDORRA CO칌O
#zeling,javiier751,ve con destri y ser치s aliado con Andorra :3
#g4g_revenant,chgaga15,en andorra
#g4g_revenant,enlightedhd,SACOS EN ANDORRA
#g4g_revenant,liadain19,en Andorra mongolin
#g4g_revenant,fedemawe,te ahorras el viaje a andorra Kappa
#g4g_revenant,darklilusion,En la playa, nia tiene una casa ahi, andorra esta mimiendo ahora man...
#g4g_revenant,juancah1,En Andorra no hay impuestos
#g4g_revenant,askondo,en Andorra tienes 2 vidas
#mangel,onlypipe,me encanta que mangel diga referencias de andorra con gta 4
#g4g_revenant,omar30s,en andorra tienes impuestos bajos ;)
#igestark,chamo5,!andorra
#g4g_revenant,aetrial,en andorra tienes muchos amigos g4greveClown
#heikki360es,giorgiio777,Jeidi no se va Andorra y nadie dice nada
#heikki360es,joseba1990,Jeidi no se va a Andorra @giorgiio777
#alexby11,juliaclvrnl993,asi sera en andorra, discutiran y luego cantaran xddd
#alexby11,if_i_only,luego por qu칠 no se va a andorra
#jelty,moralez31,!andorra
#smittyw,thesebmaaster,se est치 cambiando a andorra
#smittyw,visra1,EST츼 ESCONDIDO POR LO DE ANDORRA KEKW
#aroyitt,el_asdepicas,ya me imagino los dos en andorra cantando a cada rato
#g4g_revenant,andorraomg,por mar no vais a llegar hasta Andorra eh xDD
#g4g_revenant,hardrox,Como va el viahe a Andorra?
#g4g_revenant,andorraomg,@G4G_REVENANT m치s bien intentando llegar a Andorra xD
#staryuuki,cub0z,Arriba ANDORRA mahHands xd
#silithur,tyrion88888,@carlosjt91 bueno sant cugat y andorra no estan muy lejos
#mangel,chuski_poyon,chile esta en andorra?
#mangel,polemarkax,@pisito_en_andorra por que ese nombre de traidores?
#mangel,strangew0man,@pisito_en_andorra venga. /me le da unas papitas al pisito en andorra
#baptistao,bigllegui,cuando te vas a andorra?
#baptistao,paulinhomtg,te iras a Andorra?????
#mangel,brayan_alexandre,pisito en andorra maravillloso nombreee
#baptistao,ant0niz_06,tira pa Andorra collo
#baptistao,princemalik123,vete a andorra
#mangel,tas_bobo_o_ke,@pisito_en_andorra que bueno que en chile estan todos bien dianna6L
#papigavitv,luis_david99,si ganas te mudas a andorra
#byzapi,inhaledcord726,t칰 no te nos ir치s a Andorra no?
#jelty,mool9493,jelty ya te bas a andorra ?
#mangel,dona_de_fresa,@pisito_en_andorra yo a ti pisito jamonjMangelsalmoo jamonjMangelsalmoo jamonjMangelsalmoo
#jelty,mool9493,si te vas a andorra ?
#mangel,streamelements,pisito_en_andorra has spent 0 secs watching mangel
#ricoy23,cristianf94,comoooo irse a vivir a Andorra xD kappa
#byzapi,inhaledcord726,Zapi tu no te nos vas a Andorra verdad ???
#jelty,ytgamerfor2,si te vas a andorra o es puro mame?
#mangel,strangew0man,@pisito_en_andorra sa bugueao pero mal, y de todos lee el m칤o el mahe jajaja
#knekro,supidupa,@andorraomg bro llegas como 4 meses tarde stfu
#g4g_revenant,magicnish,y si llevan 200 flechas y se quedan disparando desde Andorra?
#alexby11,toytrista,impuestitos antes de irte a Andorra
#esvandal,lausha8,pero y esa casa de Andorra?
#mangel,lucholarat,a andorra
#esvandal,jesuszero150,canis andorranos
#mangel,diannav,@pisito_en_andorra mi reinaaaa
#srserpiente,heyisblue,Es casa de Andorra, distintos impuestos y distintas normas
#baptistao,sebastian890765,Pero Para Cuando Andorra?
#baptistao,gtdaviid90,pero cuando os vais a andorra aver
#g4g_revenant,kotefo,los andorranos por no pagar impuestos ?
#baptistao,jaimeegonzaalez,Te vas a andorra?
#ricoy23,curlyxito,de espa침a a andorra
#igestark,rumartru,que ping vas en andorra
#franqitom,leosofovich,bana est치 en andorra
#mangel,diannav,@pisito_en_andorra NAOOO PISITO ten cuidado auronAuronkryyy
#igestark,luis1313ss,es que no entiendo porque alazne no se queda a vivir en Andorra, no ser치 lo mismo sin ella igestaascoSad
#mangel,diannav,@pisito_en_andorra naooo dianna6Cry
#mangel,tas_bobo_o_ke,@pisito_en_andorra ya somos dos pisito y eso que hace unas semanas pusieron en alerta a mi pais dianna6Cry
#esvandal,keeganbutgamer,que se noten los stonks con la casita en andorra uwu
#mangel,tas_bobo_o_ke,@pisito_en_andorra pero esperemos que pronto todo mejore dianna6L
#criper,dgmiffut,Cryper te vas Andorra
#mangel,toobymurder,un corto que trate la vida de un streamer que quiere irse a andorra
#natalan,matusn00b949,natalan, te vas a ir a andorra?
#baptistao,bsbsvsvv,!andorra
#natalan,xxmarczt,vete a Andorra pa que tengas m치s billete
#silithur,lachoserf,hoy se vivio toxicicidad full en el chat del stream de farfita 7.7 cuando se enfrento contra andorra
#criper,dgmiffut,Cryper te vas a Andorra?
#ricoy23,schweinger,se viene andorra
#criper,gfranco77,Criper Andorrano
#ricoy23,tyraelthenoob,A 9 subs de andorra
#ricoy23,tonyhack69,"A los 2k me voy a Andorra"
#ricoy23,zcasen,se viene unboxing de andorra
#ricoy23,cupra_powered,@ricoy23 yo me suscribo si prometes no irte a andorra
#g4g_revenant,dragdor,raidear a los andorranos
#ricoy23,tonyhack69,ANDORRA!!!!!!!
#ricoy23,shoot125,a 2 subs de el viaje a Andorra
#iamcristinini,iloveeop,viva espa침a, abajo andorra Kappa
#ricoy23,ruyck_l0tus,listo de aqui pa andorra
#ricoy23,shinaso_,ve mirando casita en andorra
#ricoy23,zcasen,Unboxing de ANDORRA
#iamcristinini,3lgorra,Y viva andorra
#natalan,bola_de_chicle,esto significa que se va a andorra ??
#aroyitt,ceciliaa_17,cuando vivan juntos en andorra que no pase como con violeta, que se escucha a perxas de fondo
#baptistao,dasousa33,Dijo que el millor le limpiaba los platos y le hacia el desayuno a los youtubers de andorra
#ricoy23,zcasen,pisito en andorra
#ricoy23,arthioom,ahora para andorra
#baptistao,albertomontesalonso,mario tu vete a andorra para cobrar mas y apuntate a un gimnasio decente porque te pillan 3 chavales en vallekas y te pegan una paliza
#ricoy23,eternalmystiqu3,ANDORRAAAAAAAAAAAAAAAAAA!!!!!!!!!!!!!!!!!!!!!
#baptistao,alvgm,lo que decia ibai es que por que se habia ido elmillor a andorra si no llega a 4k subs
#ricoy23,ruusoo_,pa andorra
#ricoy23,tyraelthenoob,Especial andorra?
#esvandal,jesuszero150,cosas de andorras
#mangel,diannav,@pisito_en_andorra gracias mi reina te quiero dvdcdzCry dvdcdzCry
#elxokas,jiiac21,Tributas en andorra me han dicho
#mangel,diannav,@pisito_en_andorra maxoL maxoL
#aroyitt,robilbasso,ya te veo infiltrandote en el cuarto de lely en andorra mientras streamea y le trolleas
#jelty,chikitapro25,si te vas a Andorra jelty?
#jelty,borjaofx,ya enserio JELTY se va andorra ????????
#jelty,rogelio_casillas,Te vas a ir a Andorra?
#jelty,summittemp,O Ping en Andorra?
#aroyitt,jimenagrc,aro cuando van a andorra?
#criper,zlfuzionn__,hablemos de andorra kappa
#baptistao,estebanv777,baptistao que opinas de Andorra?? harias lo mismo que willy, rubius, etc??
#mangel,nanissssssssss,pa andorra
#aroyitt,jimenagrc,aro cuando vas a andorra?
#jelty,flitoogamer,Jelty Andorra?
#gustavocsgoyt,x6phx,en Andorra Okayge
#jelty,lilpigss,andorra
#jelty,flitoogamer,Andorra?
#jelty,g4nge,andorra
#jelty,nasa_senpai,andorra
#gustavocsgoyt,equatrii,Nos vamos a andorra a vivir ? HE
#ricoy23,manulcoba,a andorra
#ricoy23,el__gordo__valor,sale andorra
#ricoy23,sky_edu,a mudarse a Andorra
#ricoy23,xmicaelgamerx,andorra te espera con los brazos abierto tieso jeje
#ricoy23,isagomezc,a Andorra unos a침itos? lo mejor para ricolinooo
#ricoy23,rafelet,@ricoy23 to go Andorra?? jajaja
#ricoy23,vulkantgn_atopedepawer,Pos te vas Andorra y arreando
#ricoy23,recaldeluis7495,alguien te mira desde andorra
#ricoy23,rober_27,Andorra te pilla lejitos de C치diz es lo malo
#ricoy23,painvz1702,dios esta desde andorra mandadote buenos deseos
#ricoy23,tulazosensio,pronto te veremos por andorra
#ricoy23,pelotoking,Ricoy no se va a Andorra, Ricoy se va a Gibraltar chavales jjjjj
#ricoy23,elgringoargfs,Andorra de una
#ricoy23,recaldeluis7495,!andorra
#ricoy23,elgringoargfs,De una andorra
#ricoy23,miisiifuu,Sera ricoy el muevo andorrano?
#ricoy23,aitorkel,Yo vivo en Andorra y te digo qu칠date en C치diz pisha
#ricoy23,srjubba,ricoy el futuro Andorrano me dicen por ahi
#esvandal,jorguealonso,vandal y tu para cuando te mudas a andorra? xd
#ricoy23,angeldark128,@ricoy23 chavales me voi ma침ana a andorra quien se viene
#mangel,willwool22,APARTAMENTO EN ANDORRA BE LIKE
#ricoy23,rodode1,que se come en andorra???
#ricoy23,migue7275,te mudarse a andorra
#ricoy23,sky_edu,en par de meses, luego a Andorra
#ricoy23,zthundeer_,#2022GoToAndorra xd
#ricoy23,djosecampos,Te mudarias a Andorra?
#ricoy23,angeldark128,@ricoy23 que pasa que en andorra solo hay tios? donde estan las chicas andorranas?
#ricoy23,ptakin,No comparto la idea de irse a Andorra, estoy de acuerdo con lo que dijo Ibai al respecto.
#mangel,matiaas_ac,@pisito_en_andorra popin alexbyUwu
#ricoy23,pumasso,el chiringuito de jugones se rueda en andorra, asi tienen la nieve al lado
#ricoy23,robeeeeerto,Yo trabajo en Andorra los inviernos, as칤 que si te vas alguna vez por all치 te invito a esquiar tieso, saludos desde chile 游뻟릖
#mangel,wanderdisolation,@pisito_en_andorra que bonito es ver al mangorolo de nuevo BibleThump
#guanyar,bylxpez,rubius en high por andorra
#igestark,benja__10_,aeeiba andorra
#mangel,postioli22,@pisito_en_andorra Afro jamonjMangelsalmoo
#ricoy23,varolcd,Pa Andorra
#mangel,lily_winteer,@pisito_en_andorra same
#guanyar,sergincda,rubius rotando a Andorra
#ricoy23,joape2013,en 3 meses para andorra
#ricoy23,giancarlorosetevalente,te faltan 9 para ya irte a andorra
#ricoy23,recaldeluis7495,siguiente parada andorra
#ricoy23,hefes7o,Comprate un barco para ir a andorra
#guanyar,bylxpez,rubius en high por andorra
#ricoy23,joshkingmc,se vienen las tieso aventuras en andorra
#ricoy23,nappylol,irte a andorra
#ricoy23,elabor_tado,asi en 1 mes a andorra
#ricoy23,zthundeer_,ahorrar pa andorra xd
#guanyar,luisreca25,rubius en andorra
#guanyar,geeriixfn_,RUBIUS ROTANDO A ANDORRA
#ricoy23,gdr18_03buttler,guardar pa ir a andorra
#guanyar,luisreca25,rubius rotando a andorra
#ricoy23,tzintzentido,Pa Andorra??? ajajja
#ricoy23,protataxgamer,ahorrar para los 15000 euros para andorra jajaja
#guanyar,daxguan,lolito en Andorra
#mangel,lily_winteer,@pisito_en_andorra abr *ojitos*
#guanyar,geeriixfn_,Rubius rotando Hacia Andorra
#esvandal,elcarlos627iq,te doy 89 subs Si te vas a ANDORRA
#ricoy23,robothusky,ahorras por 3 meses y pagas lo 15.000 de Andorra
#guanyar,wiikoo_,rubius rotando hacia andorra
#sujagg,hhernando,viva andorra
#guanyar,sergincda,rubius rotando a Andorra
#guanyar,geeriixfn_,RUBIUS ENTRANDO ANDORRA
#guanyar,robeeer__,rubius rotando a andorra
#saxogamingtv,martincm22,iago vivies en Andorra pa comprar eso jajajajajaja
#guanyar,wiikoo_,@GUANYAR Rubius rotando hacia andorra
#ricoy23,elgringoargfs,Mira, la mejor opcion es andorra
#guanyar,wiikoo_,Rubius rotando a Andorra Guanyar
#silithur,gabriel_ndeaa,alta guerra hicieron por las Malvinas farfa y rich y los de andorra
#ricoy23,gdr18_03buttler,Hacemos una cosa ! llegamos a 6000 subs mensuales y nos vamos para Andorra!!??
#ricoy23,toniantic,pa andorra churra
#srcheeto,aldodeeeee,Chetto pa Andorra
#guanyar,el_rafas_mdlr,RUBIUS ROTANDO A ANDORRA
#mangel,stoned__hams,De Andorra
#guanyar,geeriixfn_,RUBIUS ROTANDO HACIA ANDORRA
#mangel,frannkmaldonado,ANDORRA
#mangel,francis1999999,andorra
#mangel,jendiyt,ANDORRA
#guanyar,geeriixfn_,RUBIUS ROTANDO HACIA ANDORRA.
#mangel,stoned__hams,alguien en Andorra?
#mangel,frannkmaldonado,Andorra bb
#mangel,wanderdisolation,Andorra
#mangel,francis1999999,andorra si
#mangel,isaarli,jajajaja Andorra
#esvandal,elcarlos627iq,ANDORRA ANDORRA ANDORRA ANDORRA ANDORRA ANDORRA ANDORRA ANDORRA ANDORRA ANDORRA ANDORRA ANDORRA ANDORRA ANDORRA ANDORRA ANDORRA ANDORRA ANDORRA
#mangel,nyla____,AVENIDA ANDORRA
#mangel,francis1999999,yo soy de andorra
#guanyar,sebbbasdl,RUBIUS ROTANDO HAC칈AN ANDORRA
#mangel,1994nicolassierra_0323,Andorra de coraz칩n
#mangel,xtratusquo,ANDALUCIA PERO COTIZO EN ANDORRA @Mangel
#guanyar,luisreca25,rubius en andorra
#mangel,stoned__hams,ELRubiusOMG es de Andorra
#criper,tsp_avalos05,criper tu ir칤as a Andorra
#mangel,1994nicolassierra_0323,Andorra
#mangel,fepefe98,mi abuelo es de Andorra (Teruel)
#mangel,vanesleepy44,ojal치 vivir en Andorra :')
#guanyar,luisreca25,rubius rota a andorra
#mangel,jyushi_,Andorra
#mangel,nacho_1992,El 칰ltimo andorrano
#mangel,xtratusquo,YO SOLO COTIZO EN ANDORRA LUL
#mangel,anpaula547,TODO EL CHAT LE GUSTARIA VIVIR EN ANDORRA
#silithur,kokokalet_95,andorra y destri XD
#mangel,1994nicolassierra_0323,Andorra yo no pago impuestos
#guanyar,daniel2912_,ricky rotando desde andorra
#silithur,alfred_catman,Andorra y Destri los atacaban
#guanyar,charlyy_aka,El xokas en andorra
#silithur,elcezarito999,Rich y farfa corrieron a Los de andorra
#silithur,francisco8,pelearon por la isla y perdio el team andorra
#silithur,maxic2202,andorra, nia, zeling, elemao y ellos
#esvandal,jorguealonso,Vandalo, para cuando te mudas a ANDORRA, con kacky? xd
#silithur,tiagovk0,porque farfa y rich agarraron y se pelaron con staxx y compa침칤a que tambi칠n estaban en la isla, hasta que vino reve y None y se garcharon a Andorra, y ahora rich y farfa viven en las islas malvinas @silithur
#silithur,perezososf,@Silithur xq ha ido andorra ah칤, se han establecido y son m치s
#silithur,pan_pan_owo,se pelean por la isla, estan zeling, nya, rich, farfa y los andorranos que les pelan y matan todo lo que se mueve
#silithur,thevoritex,Rich y Farfa llegaron y sacaron de ah칤 a Nya y a Elemao y otro m치s pero tambi칠n en ese lugar estaba todo Andorra s칩lo que ahora antes de que apagar치n stream les llegaron de nuevo todo Andorra a matar les de nuevo
#silithur,runireigns,grande team Andorra a la mierda el rich
#silithur,gabriel_ndeaa,amigo es re t칩xico el chat de los de andorra
#silithur,tiagovk0,@runireigns si rich y farfa hicieron mierda a Andorra jaja
#silithur,ikifuenla1903,en la isla estaba nia cual inglesa usurpando las Malvinas, llego farfa y rich como si fueran videla pegando tiros y echaron a los ingleses, pero apareci칩 la Armada inglesa (di grefg y Andorra) a echar a los pibes
#guanyar,daniel2912_,ricardo rotando por andorra
#guanyar,luisreca25,ruben en andorra
#silithur,chuky2for2,Entonces van a ser aliados de andorra? Vais a exclavizar a todo el server?
#elxokas,pokerclassy,ese minimo era de Andorra, bien hecho Xokas
#elxokas,pokerclassy,me encanta ver morir a andorranos
#elxokas,pokerclassy,la jeringa esta hecha en andorra, vigila Xokas
#guanyar,geeriixfn_,RUBIUS QUALED EN EL SERVER DE ANDORRA
#elxokas,pokerclassy,te estas recuperando porque no eres andorrano, grande Xokas
#guanyar,geeriixfn_,RUBIUS QUALED EN EL SERVER DE ANDORRA
#mangel,gmadis,Yo de BARCELONA <3 Andorra no tiene playa